<?xml version="1.0" encoding="UTF-8"?>
<?xml:stylesheet type="text/xsl" href="fullexample.xsl"?>

<phyloxml>
<phylogeny rooted="true">
  <clade>
    <events>
      <duplications>1</duplications>
    </events>
    <clade>
      <branch_length>0.100405</branch_length>
      <confidence type="unknown">100</confidence>
      <events>
        <duplications>1</duplications>
      </events>
      <clade>
        <branch_length>0.41517</branch_length>
        <confidence type="unknown">100</confidence>
        <events>
          <duplications>1</duplications>
        </events>
        <clade>
          <branch_length>0.30159</branch_length>
          <confidence type="unknown">97</confidence>
          <events>
            <duplications>1</duplications>
          </events>
          <clade>
            <branch_length>0.15021</branch_length>
            <confidence type="unknown">69</confidence>
            <events>
              <duplications>1</duplications>
            </events>
            <clade>
              <branch_length>0.04885</branch_length>
              <confidence type="unknown">68</confidence>
              <events>
                <speciations>1</speciations>
              </events>
              <clade>
                <branch_length>0.04633</branch_length>
                <confidence type="unknown">59</confidence>
                <events>
                  <speciations>1</speciations>
                </events>
                <clade>
                  <branch_length>0.18918</branch_length>
                  <confidence type="unknown">100</confidence>
                  <events>
                    <speciations>1</speciations>
                  </events>
                  <clade>
                    <branch_length>0.07518</branch_length>
                    <confidence type="unknown">97</confidence>
                    <events>
                      <speciations>1</speciations>
                    </events>
                    <clade>
                      <branch_length>0.0073</branch_length>
                      <confidence type="unknown">100</confidence>
                      <events>
                        <speciations>1</speciations>
                      </events>
                      <clade>
                        <branch_length>0.0036</branch_length>
                        <confidence type="unknown">91</confidence>
                        <events>
                          <speciations>1</speciations>
                        </events>
                        <clade>
                          <name>NP_001025424.1</name>
                          <branch_length>1.0E-5</branch_length>
                          <taxonomy>
                            <scientific_name>Danio rerio</scientific_name>
                          </taxonomy>
                        </clade>
                        <clade>
                          <branch_length>0.00327</branch_length>
                          <taxonomy>
                            <scientific_name>Felis catus</scientific_name>
                          </taxonomy>
                          <sequence>
                            <accession source="ncbi">ABJ16409.1</accession>
                            <name>BCL2</name>
                          </sequence>
                        </clade>
                      </clade>
                      <clade>
                        <name>hsCLCN7</name>
                        <branch_length>0.00962</branch_length>
                        <taxonomy>
                          <scientific_name>HUMAN</scientific_name>
                        </taxonomy>
                      </clade>
                    </clade>
                    <clade>
                      <name>ggClcn7</name>
                      <branch_length>0.28745</branch_length>
                      <taxonomy>
                        <scientific_name>CHICK</scientific_name>
                      </taxonomy>
                    </clade>
                  </clade>
                  <clade>
                    <name>frClcn_g150497</name>
                    <branch_length>0.12824</branch_length>
                    <taxonomy>
                      <scientific_name>FUGRU</scientific_name>
                    </taxonomy>
                  </clade>
                </clade>
                <clade>
                  <name>ciClc_146907</name>
                  <branch_length>0.38499</branch_length>
                  <taxonomy>
                    <scientific_name>CIOIN</scientific_name>
                  </taxonomy>
                </clade>
              </clade>
              <clade>
                <branch_length>0.37118</branch_length>
                <confidence type="unknown">100</confidence>
                <events>
                  <speciations>1</speciations>
                </events>
                <clade>
                  <name>dmClc_CG8594</name>
                  <branch_length>0.29315</branch_length>
                  <taxonomy>
                    <scientific_name>DROME</scientific_name>
                  </taxonomy>
                </clade>
                <clade>
                  <name>agClc_g16563</name>
                  <branch_length>0.18816</branch_length>
                  <taxonomy>
                    <scientific_name>ANOGA</scientific_name>
                  </taxonomy>
                </clade>
              </clade>
            </clade>
            <clade>
              <branch_length>0.4337</branch_length>
              <confidence type="unknown">100</confidence>
              <events>
                <speciations>1</speciations>
              </events>
              <clade>
                <name>cbClcn_CBG23365</name>
                <branch_length>0.02104</branch_length>
                <taxonomy>
                  <scientific_name>CAEBR</scientific_name>
                </taxonomy>
              </clade>
              <clade>
                <name>ceClcn_CE29336</name>
                <branch_length>0.00466</branch_length>
                <taxonomy>
                  <scientific_name>CAEEL</scientific_name>
                </taxonomy>
              </clade>
            </clade>
          </clade>
          <clade>
            <branch_length>0.27675</branch_length>
            <confidence type="unknown">100</confidence>
            <events>
              <speciations>1</speciations>
            </events>
            <clade>
              <branch_length>0.16193</branch_length>
              <confidence type="unknown">100</confidence>
              <events>
                <speciations>1</speciations>
              </events>
              <clade>
                <branch_length>0.06936</branch_length>
                <confidence type="unknown">98</confidence>
                <events>
                  <speciations>1</speciations>
                </events>
                <clade>
                  <branch_length>0.03192</branch_length>
                  <confidence type="unknown">100</confidence>
                  <events>
                    <speciations>1</speciations>
                  </events>
                  <clade>
                    <branch_length>0.02482</branch_length>
                    <confidence type="unknown">99</confidence>
                    <events>
                      <speciations>1</speciations>
                    </events>
                    <clade>
                      <name>rnClcn6</name>
                      <branch_length>0.01157</branch_length>
                      <taxonomy>
                        <scientific_name>RAT</scientific_name>
                      </taxonomy>
                    </clade>
                    <clade>
                      <name>mmClcn6</name>
                      <branch_length>0.00537</branch_length>
                      <taxonomy>
                        <scientific_name>MOUSE</scientific_name>
                      </taxonomy>
                    </clade>
                  </clade>
                  <clade>
                    <name>hsCLCN6</name>
                    <branch_length>0.00234</branch_length>
                    <taxonomy>
                      <scientific_name>HUMAN</scientific_name>
                    </taxonomy>
                  </clade>
                </clade>
                <clade>
                  <name>ggClcn6</name>
                  <branch_length>0.08378</branch_length>
                  <taxonomy>
                    <scientific_name>CHICK</scientific_name>
                  </taxonomy>
                </clade>
              </clade>
              <clade>
                <name>frClcn_g153343</name>
                <branch_length>0.23936</branch_length>
                <taxonomy>
                  <scientific_name>FUGRU</scientific_name>
                </taxonomy>
              </clade>
            </clade>
            <clade>
              <name>ciClc_139586</name>
              <branch_length>0.35537</branch_length>
              <taxonomy>
                <scientific_name>CIOIN</scientific_name>
              </taxonomy>
            </clade>
          </clade>
        </clade>
        <clade>
          <branch_length>0.37011</branch_length>
          <confidence type="unknown">100</confidence>
          <events>
            <speciations>1</speciations>
          </events>
          <clade>
            <name>ciClc_145284</name>
            <branch_length>0.32143</branch_length>
            <taxonomy>
              <scientific_name>CIOIN</scientific_name>
            </taxonomy>
          </clade>
          <clade>
            <name>ggClcn_nov1</name>
            <branch_length>0.47263</branch_length>
            <taxonomy>
              <scientific_name>CHICK</scientific_name>
            </taxonomy>
          </clade>
        </clade>
      </clade>
      <clade>
        <branch_length>0.42764</branch_length>
        <confidence type="unknown">100</confidence>
        <events>
          <duplications>1</duplications>
        </events>
        <clade>
          <branch_length>0.05585</branch_length>
          <confidence type="unknown">91</confidence>
          <events>
            <speciations>1</speciations>
          </events>
          <clade>
            <branch_length>0.06146</branch_length>
            <confidence type="unknown">92</confidence>
            <events>
              <speciations>1</speciations>
            </events>
            <clade>
              <branch_length>0.1309</branch_length>
              <confidence type="unknown">100</confidence>
              <events>
                <duplications>1</duplications>
              </events>
              <clade>
                <branch_length>0.05406</branch_length>
                <confidence type="unknown">67</confidence>
                <events>
                  <duplications>1</duplications>
                </events>
                <clade>
                  <branch_length>0.07178</branch_length>
                  <confidence type="unknown">97</confidence>
                  <events>
                    <speciations>1</speciations>
                  </events>
                  <clade>
                    <branch_length>0.0163</branch_length>
                    <confidence type="unknown">86</confidence>
                    <events>
                      <speciations>1</speciations>
                    </events>
                    <clade>
                      <branch_length>0.04239</branch_length>
                      <confidence type="unknown">100</confidence>
                      <events>
                        <speciations>1</speciations>
                      </events>
                      <clade>
                        <branch_length>0.0038</branch_length>
                        <confidence type="unknown">97</confidence>
                        <events>
                          <speciations>1</speciations>
                        </events>
                        <clade>
                          <name>rnClcn5</name>
                          <branch_length>1.0E-5</branch_length>
                          <taxonomy>
                            <scientific_name>RAT</scientific_name>
                          </taxonomy>
                        </clade>
                        <clade>
                          <name>mmClcn5</name>
                          <branch_length>1.0E-5</branch_length>
                          <taxonomy>
                            <scientific_name>MOUSE</scientific_name>
                          </taxonomy>
                        </clade>
                      </clade>
                      <clade>
                        <name>hsCLCN5</name>
                        <branch_length>0.00803</branch_length>
                        <taxonomy>
                          <scientific_name>HUMAN</scientific_name>
                        </taxonomy>
                      </clade>
                    </clade>
                    <clade>
                      <name>ggClcn5</name>
                      <branch_length>0.06559</branch_length>
                      <taxonomy>
                        <scientific_name>CHICK</scientific_name>
                      </taxonomy>
                    </clade>
                  </clade>
                  <clade>
                    <name>frClcn_g151908</name>
                    <branch_length>0.21641</branch_length>
                    <taxonomy>
                      <scientific_name>FUGRU</scientific_name>
                    </taxonomy>
                  </clade>
                </clade>
                <clade>
                  <branch_length>0.08833</branch_length>
                  <confidence type="unknown">100</confidence>
                  <events>
                    <speciations>1</speciations>
                  </events>
                  <clade>
                    <branch_length>0.01718</branch_length>
                    <confidence type="unknown">100</confidence>
                    <events>
                      <speciations>1</speciations>
                    </events>
                    <clade>
                      <branch_length>0.00177</branch_length>
                      <confidence type="unknown">65</confidence>
                      <events>
                        <speciations>1</speciations>
                      </events>
                      <clade>
                        <branch_length>0.00671</branch_length>
                        <confidence type="unknown">70</confidence>
                        <events>
                          <speciations>1</speciations>
                        </events>
                        <clade>
                          <name>rnClcn4</name>
                          <branch_length>1.0E-5</branch_length>
                          <taxonomy>
                            <scientific_name>RAT</scientific_name>
                          </taxonomy>
                        </clade>
                        <clade>
                          <name>mmClcn4</name>
                          <branch_length>0.01342</branch_length>
                          <taxonomy>
                            <scientific_name>MOUSE</scientific_name>
                          </taxonomy>
                        </clade>
                      </clade>
                      <clade>
                        <name>hsCLCN4</name>
                        <branch_length>1.0E-5</branch_length>
                        <taxonomy>
                          <scientific_name>HUMAN</scientific_name>
                        </taxonomy>
                      </clade>
                    </clade>
                    <clade>
                      <name>ggClcn4</name>
                      <branch_length>0.02178</branch_length>
                      <taxonomy>
                        <scientific_name>CHICK</scientific_name>
                      </taxonomy>
                    </clade>
                  </clade>
                  <clade>
                    <name>frClcn_g153787</name>
                    <branch_length>0.05099</branch_length>
                    <taxonomy>
                      <scientific_name>FUGRU</scientific_name>
                    </taxonomy>
                  </clade>
                </clade>
              </clade>
              <clade>
                <branch_length>0.0705</branch_length>
                <confidence type="unknown">100</confidence>
                <events>
                  <speciations>1</speciations>
                </events>
                <clade>
                  <branch_length>0.01719</branch_length>
                  <confidence type="unknown">100</confidence>
                  <events>
                    <speciations>1</speciations>
                  </events>
                  <clade>
                    <branch_length>0.00481</branch_length>
                    <confidence type="unknown">90</confidence>
                    <events>
                      <duplications>1</duplications>
                    </events>
                    <clade>
                      <branch_length>1.0E-5</branch_length>
                      <confidence type="unknown">45</confidence>
                      <events>
                        <speciations>1</speciations>
                      </events>
                      <clade>
                        <name>rnClcn3</name>
                        <branch_length>0.00336</branch_length>
                        <taxonomy>
                          <scientific_name>RAT</scientific_name>
                        </taxonomy>
                      </clade>
                      <clade>
                        <name>hsCLCN3</name>
                        <branch_length>1.0E-5</branch_length>
                        <taxonomy>
                          <scientific_name>HUMAN</scientific_name>
                        </taxonomy>
                      </clade>
                    </clade>
                    <clade>
                      <name>mmClcn3</name>
                      <branch_length>1.0E-5</branch_length>
                      <taxonomy>
                        <scientific_name>MOUSE</scientific_name>
                      </taxonomy>
                    </clade>
                  </clade>
                  <clade>
                    <name>ggClcn3</name>
                    <branch_length>0.00361</branch_length>
                    <taxonomy>
                      <scientific_name>CHICK</scientific_name>
                    </taxonomy>
                  </clade>
                </clade>
                <clade>
                  <name>frClcn_g127864</name>
                  <branch_length>0.04395</branch_length>
                  <taxonomy>
                    <scientific_name>FUGRU</scientific_name>
                  </taxonomy>
                </clade>
              </clade>
            </clade>
            <clade>
              <name>ciClc_140203</name>
              <branch_length>0.28639</branch_length>
              <taxonomy>
                <scientific_name>CIOIN</scientific_name>
              </taxonomy>
            </clade>
          </clade>
          <clade>
            <branch_length>0.1894</branch_length>
            <confidence type="unknown">97</confidence>
            <events>
              <speciations>1</speciations>
            </events>
            <clade>
              <name>agClc_g16174</name>
              <branch_length>0.05022</branch_length>
              <taxonomy>
                <scientific_name>ANOGA</scientific_name>
              </taxonomy>
            </clade>
            <clade>
              <name>dmClc_CG5284</name>
              <branch_length>0.16939</branch_length>
              <taxonomy>
                <scientific_name>DROME</scientific_name>
              </taxonomy>
            </clade>
          </clade>
        </clade>
        <clade>
          <branch_length>0.30137</branch_length>
          <confidence type="unknown">100</confidence>
          <events>
            <speciations>1</speciations>
          </events>
          <clade>
            <name>cbClcn_CBG03262</name>
            <branch_length>1.0E-5</branch_length>
            <taxonomy>
              <scientific_name>CAEBR</scientific_name>
            </taxonomy>
          </clade>
          <clade>
            <name>ceClcn_CE27360</name>
            <branch_length>0.02216</branch_length>
            <taxonomy>
              <scientific_name>CAEEL</scientific_name>
            </taxonomy>
          </clade>
        </clade>
      </clade>
    </clade>
    <clade>
      <branch_length>0.565495</branch_length>
      <confidence type="unknown">100</confidence>
      <events>
        <duplications>1</duplications>
      </events>
      <clade>
        <branch_length>0.15381</branch_length>
        <confidence type="unknown">64</confidence>
        <events>
          <duplications>1</duplications>
        </events>
        <clade>
          <branch_length>0.03139</branch_length>
          <confidence type="unknown">59</confidence>
          <events>
            <speciations>1</speciations>
          </events>
          <clade>
            <branch_length>0.09003</branch_length>
            <confidence type="unknown">77</confidence>
            <events>
              <speciations>1</speciations>
            </events>
            <clade>
              <branch_length>0.10834</branch_length>
              <confidence type="unknown">100</confidence>
              <events>
                <duplications>1</duplications>
              </events>
              <clade>
                <branch_length>0.14142</branch_length>
                <confidence type="unknown">100</confidence>
                <events>
                  <speciations>1</speciations>
                </events>
                <clade>
                  <branch_length>0.07698</branch_length>
                  <confidence type="unknown">99</confidence>
                  <events>
                    <speciations>1</speciations>
                  </events>
                  <clade>
                    <branch_length>0.0994</branch_length>
                    <confidence type="unknown">100</confidence>
                    <events>
                      <speciations>1</speciations>
                    </events>
                    <clade>
                      <branch_length>0.02139</branch_length>
                      <confidence type="unknown">100</confidence>
                      <events>
                        <speciations>1</speciations>
                      </events>
                      <clade>
                        <name>mmClcn1</name>
                        <branch_length>0.00151</branch_length>
                        <taxonomy>
                          <scientific_name>MOUSE</scientific_name>
                        </taxonomy>
                      </clade>
                      <clade>
                        <name>rnClcn1</name>
                        <branch_length>0.00347</branch_length>
                        <taxonomy>
                          <scientific_name>RAT</scientific_name>
                        </taxonomy>
                      </clade>
                    </clade>
                    <clade>
                      <name>hsCLCN1</name>
                      <branch_length>0.023</branch_length>
                      <taxonomy>
                        <scientific_name>HUMAN</scientific_name>
                      </taxonomy>
                    </clade>
                  </clade>
                  <clade>
                    <name>ggClcn1</name>
                    <branch_length>0.10289</branch_length>
                    <taxonomy>
                      <scientific_name>CHICK</scientific_name>
                    </taxonomy>
                  </clade>
                </clade>
                <clade>
                  <name>frClcn_g146581</name>
                  <branch_length>0.23436</branch_length>
                  <taxonomy>
                    <scientific_name>FUGRU</scientific_name>
                  </taxonomy>
                </clade>
              </clade>
              <clade>
                <branch_length>0.13663</branch_length>
                <confidence type="unknown">99</confidence>
                <events>
                  <duplications>1</duplications>
                </events>
                <clade>
                  <branch_length>0.02272</branch_length>
                  <confidence type="unknown">50</confidence>
                  <events>
                    <speciations>1</speciations>
                  </events>
                  <clade>
                    <branch_length>0.07138</branch_length>
                    <confidence type="unknown">65</confidence>
                    <events>
                      <speciations>1</speciations>
                    </events>
                    <clade>
                      <branch_length>0.07977</branch_length>
                      <confidence type="unknown">100</confidence>
                      <events>
                        <speciations>1</speciations>
                      </events>
                      <clade>
                        <branch_length>0.0061</branch_length>
                        <confidence type="unknown">64</confidence>
                        <events>
                          <speciations>1</speciations>
                        </events>
                        <clade>
                          <name>rnClcn2</name>
                          <branch_length>0.00453</branch_length>
                          <taxonomy>
                            <scientific_name>RAT</scientific_name>
                          </taxonomy>
                        </clade>
                        <clade>
                          <name>mmClcn2</name>
                          <branch_length>0.00755</branch_length>
                          <taxonomy>
                            <scientific_name>MOUSE</scientific_name>
                          </taxonomy>
                        </clade>
                      </clade>
                      <clade>
                        <name>hsCLCN2</name>
                        <branch_length>0.01584</branch_length>
                        <taxonomy>
                          <scientific_name>HUMAN</scientific_name>
                        </taxonomy>
                      </clade>
                    </clade>
                    <clade>
                      <name>ggClcn2</name>
                      <branch_length>0.05756</branch_length>
                      <taxonomy>
                        <scientific_name>CHICK</scientific_name>
                      </taxonomy>
                    </clade>
                  </clade>
                  <clade>
                    <name>frClcn_g129629</name>
                    <branch_length>0.02989</branch_length>
                    <taxonomy>
                      <scientific_name>FUGRU</scientific_name>
                    </taxonomy>
                  </clade>
                </clade>
                <clade>
                  <name>frClcn_g132311</name>
                  <branch_length>0.08432</branch_length>
                  <taxonomy>
                    <scientific_name>FUGRU</scientific_name>
                  </taxonomy>
                </clade>
              </clade>
            </clade>
            <clade>
              <name>ciClc_142005</name>
              <branch_length>0.32253</branch_length>
              <taxonomy>
                <scientific_name>CIOIN</scientific_name>
              </taxonomy>
            </clade>
          </clade>
          <clade>
            <branch_length>0.28604</branch_length>
            <confidence type="unknown">100</confidence>
            <events>
              <speciations>1</speciations>
            </events>
            <clade>
              <name>dmClc_CG31116</name>
              <branch_length>0.08284</branch_length>
              <taxonomy>
                <scientific_name>DROME</scientific_name>
              </taxonomy>
            </clade>
            <clade>
              <name>agClc_g16123</name>
              <branch_length>0.08822</branch_length>
              <taxonomy>
                <scientific_name>ANOGA</scientific_name>
              </taxonomy>
            </clade>
          </clade>
        </clade>
        <clade>
          <branch_length>0.19888</branch_length>
          <confidence type="unknown">64</confidence>
          <events>
            <duplications>1</duplications>
          </events>
          <clade>
            <branch_length>0.32241</branch_length>
            <confidence type="unknown">100</confidence>
            <events>
              <duplications>1</duplications>
            </events>
            <clade>
              <branch_length>0.19492</branch_length>
              <confidence type="unknown">100</confidence>
              <events>
                <speciations>1</speciations>
              </events>
              <clade>
                <name>ceClcn_CE20461</name>
                <branch_length>0.01486</branch_length>
                <taxonomy>
                  <scientific_name>CAEEL</scientific_name>
                </taxonomy>
              </clade>
              <clade>
                <name>cbClcn_CBG02916</name>
                <branch_length>1.0E-5</branch_length>
                <taxonomy>
                  <scientific_name>CAEBR</scientific_name>
                </taxonomy>
              </clade>
            </clade>
            <clade>
              <branch_length>0.42103</branch_length>
              <confidence type="unknown">100</confidence>
              <events>
                <speciations>1</speciations>
              </events>
              <clade>
                <name>ceClcn_CE27450</name>
                <branch_length>0.01893</branch_length>
                <taxonomy>
                  <scientific_name>CAEEL</scientific_name>
                </taxonomy>
              </clade>
              <clade>
                <name>cbClcn_CBG03117</name>
                <branch_length>0.00319</branch_length>
                <taxonomy>
                  <scientific_name>CAEBR</scientific_name>
                </taxonomy>
              </clade>
            </clade>
          </clade>
          <clade>
            <branch_length>0.12841</branch_length>
            <confidence type="unknown">44</confidence>
            <events>
              <duplications>1</duplications>
            </events>
            <clade>
              <branch_length>0.25828</branch_length>
              <confidence type="unknown">100</confidence>
              <events>
                <speciations>1</speciations>
              </events>
              <clade>
                <name>cbClcn_CBG13104</name>
                <branch_length>0.08006</branch_length>
                <taxonomy>
                  <scientific_name>CAEBR</scientific_name>
                </taxonomy>
              </clade>
              <clade>
                <name>ceClcn_CE27906</name>
                <branch_length>0.0634</branch_length>
                <taxonomy>
                  <scientific_name>CAEEL</scientific_name>
                </taxonomy>
              </clade>
            </clade>
            <clade>
              <branch_length>0.5062</branch_length>
              <confidence type="unknown">100</confidence>
              <events>
                <speciations>1</speciations>
              </events>
              <clade>
                <name>ceClcn_CE28647</name>
                <branch_length>0.0356</branch_length>
                <taxonomy>
                  <scientific_name>CAEEL</scientific_name>
                </taxonomy>
              </clade>
              <clade>
                <name>cbClcn_CBG14338</name>
                <branch_length>0.02779</branch_length>
                <taxonomy>
                  <scientific_name>CAEBR</scientific_name>
                </taxonomy>
              </clade>
            </clade>
          </clade>
        </clade>
      </clade>
      <clade>
        <branch_length>0.35485</branch_length>
        <confidence type="unknown">100</confidence>
        <events>
          <speciations>1</speciations>
        </events>
        <clade>
          <branch_length>0.1213</branch_length>
          <confidence type="unknown">97</confidence>
          <events>
            <speciations>1</speciations>
          </events>
          <clade>
            <branch_length>0.25749</branch_length>
            <confidence type="unknown">100</confidence>
            <events>
              <speciations>1</speciations>
            </events>
            <clade>
              <branch_length>0.07581</branch_length>
              <confidence type="unknown">100</confidence>
              <events>
                <duplications>1</duplications>
              </events>
              <clade>
                <branch_length>0.06387</branch_length>
                <confidence type="unknown">100</confidence>
                <events>
                  <speciations>1</speciations>
                </events>
                <clade>
                  <name>rnClckna</name>
                  <branch_length>0.03328</branch_length>
                  <taxonomy>
                    <scientific_name>RAT</scientific_name>
                  </taxonomy>
                </clade>
                <clade>
                  <name>mmClckna</name>
                  <branch_length>0.01039</branch_length>
                  <taxonomy>
                    <scientific_name>MOUSE</scientific_name>
                  </taxonomy>
                </clade>
              </clade>
              <clade>
                <branch_length>0.05298</branch_length>
                <confidence type="unknown">100</confidence>
                <events>
                  <speciations>1</speciations>
                </events>
                <clade>
                  <name>rnClcknb</name>
                  <branch_length>0.01948</branch_length>
                  <taxonomy>
                    <scientific_name>RAT</scientific_name>
                  </taxonomy>
                </clade>
                <clade>
                  <name>mmClcknb</name>
                  <branch_length>0.0249</branch_length>
                  <taxonomy>
                    <scientific_name>MOUSE</scientific_name>
                  </taxonomy>
                </clade>
              </clade>
            </clade>
            <clade>
              <branch_length>0.02027</branch_length>
              <confidence type="unknown">95</confidence>
              <events>
                <duplications>1</duplications>
              </events>
              <clade>
                <name>hsCLCKNB</name>
                <branch_length>0.04974</branch_length>
                <taxonomy>
                  <scientific_name>HUMAN</scientific_name>
                </taxonomy>
              </clade>
              <clade>
                <name>hsCLCKNA</name>
                <branch_length>0.06307</branch_length>
                <taxonomy>
                  <scientific_name>HUMAN</scientific_name>
                </taxonomy>
              </clade>
            </clade>
          </clade>
          <clade>
            <name>ggClcnk</name>
            <branch_length>0.32528</branch_length>
            <taxonomy>
              <scientific_name>CHICK</scientific_name>
            </taxonomy>
          </clade>
        </clade>
        <clade>
          <name>frClcn_nov1</name>
          <branch_length>0.48668</branch_length>
          <taxonomy>
            <scientific_name>FUGRU</scientific_name>
          </taxonomy>
        </clade>
      </clade>
    </clade>
  </clade>
</phylogeny>
</phyloxml>
